{"mse": 22336.528260892483, "rmse": 149.45410085003516, "mae": 72.80171132340404, "r_squ": 0.04856780690064477}