{"mse": 4875.492771070325, "rmse": 69.82472893660473, "mae": 36.23597795911653, "r_squ": 0.04638557893570361}