{"mse": 742.3787578506582, "rmse": 27.246628375831353, "mae": 11.68339155831803, "r_squ": 0.029179046800907105}