{"mse": 680.3106175546466, "rmse": 26.082764760558774, "mae": 18.509653091974286, "r_squ": 0.1342709241173955}