{"mse": 214.9351592905399, "rmse": 14.660667082044387, "mae": 9.824361860637664, "r_squ": 0.10585051246949884}