{"mse": 47.99668112376884, "rmse": 6.927963706874397, "mae": 3.1805159784903423, "r_squ": 0.04470934952904704}