{"mse": 22943.763049660443, "rmse": 151.4719876731683, "mae": 72.72724360676777, "r_squ": 0.02550177413255872}