{"mse": 5072.269285634259, "rmse": 71.21986580747158, "mae": 37.41919940785237, "r_squ": 0.01938846719362286}