{"mse": 768.0363509902304, "rmse": 27.713468765028864, "mae": 11.748244083029196, "r_squ": 0.009418306686675648}