{"mse": 5031.07565073462, "rmse": 70.93007578407497, "mae": 37.48722317956083, "r_squ": 0.019757089577351228}