{"mse": 22519.858813207986, "rmse": 150.06618144408148, "mae": 72.7887769782069, "r_squ": 0.025030272977910495}