{"mse": 772.4921654876163, "rmse": 27.793743279515557, "mae": 11.771198295109526, "r_squ": 0.00916194123630687}