{"mse": 5042.588138812762, "rmse": 71.0111831954148, "mae": 37.99892150922561, "r_squ": 0.012219986670862326}