{"mse": 22512.039013291032, "rmse": 150.04012467767092, "mae": 73.48146815854287, "r_squ": 0.019329545222673272}