{"mse": 756.0897246472837, "rmse": 27.49708574826219, "mae": 11.840244977862655, "r_squ": 0.004841573546061073}