{"mse": 48.89898758945265, "rmse": 6.992781105501062, "mae": 3.118526200512651, "r_squ": 0.00524682563375134}