{"mse": 235.56222565405034, "rmse": 15.34803654068006, "mae": 10.36422583709947, "r_squ": 0.019458791216766858}