{"mse": 50.174858639781604, "rmse": 7.0834213936332775, "mae": 3.104382392174271, "r_squ": 0.011396090495455535}