{"mse": 49.2218330778092, "rmse": 7.01582732668138, "mae": 3.087639803023853, "r_squ": 0.011265840417594819}