{"mse": 232.82020635024963, "rmse": 15.258447049102003, "mae": 10.190701035178444, "r_squ": 0.03464861280455589}