{"mse": 233.1062685998083, "rmse": 15.26781806938399, "mae": 10.20550781660612, "r_squ": 0.035463731291307865}