{"mse": 741.6977194552027, "rmse": 27.23412784458505, "mae": 19.463712788311486, "r_squ": 0.05653680895649926}