{"mse": 762.3598736842166, "rmse": 27.610865138278747, "mae": 19.764220796891756, "r_squ": 0.03424393236493384}