{"mse": 736.8681849020991, "rmse": 27.145316076665953, "mae": 19.40611621664894, "r_squ": 0.05685905659555002}