{"mse": 5151.920949815678, "rmse": 71.77688311577536, "mae": 38.12958538100292, "r_squ": 0.01192935357033642}