{"mse": 22648.32224368466, "rmse": 150.49359535769176, "mae": 73.3462671334669, "r_squ": 0.018450601798127297}