{"mse": 757.6559100688244, "rmse": 27.525550131992354, "mae": 11.855257300929553, "r_squ": 0.00517093158305193}