{"mse": 50.312058278141684, "rmse": 7.093099342187566, "mae": 3.158236333883952, "r_squ": 0.005502651151925497}