{"mse": 237.06218063536198, "rmse": 15.396823719045496, "mae": 10.426707117856745, "r_squ": 0.019968456861416017}