{"mse": 773.4802525558795, "rmse": 27.811512949781775, "mae": 19.841628313292798, "r_squ": 0.0345539222216491}