{"mse": 582.095535657234, "rmse": 24.126656122580144, "mae": 4.581318083019668, "r_squ": 0.23469642812962876}