{"mse": 6962.524605770079, "rmse": 83.44174378433182, "mae": 23.065322642209622, "r_squ": 0.7065484426591992}