{"mse": 2587.535543533542, "rmse": 50.86782424611398, "mae": 12.659274968465187, "r_squ": 0.5075207593120843}