{"mse": 6521.567318949316, "rmse": 80.75622154948383, "mae": 22.329110536373808, "r_squ": 0.7201565823310356}