{"mse": 583.8012730640129, "rmse": 24.161979907781003, "mae": 4.58354089428452, "r_squ": 0.24548806801419687}