{"mse": 2228.5834063091684, "rmse": 47.20787440998767, "mae": 11.849966140146707, "r_squ": 0.5627647366111086}