{"mse": 34.77408349679267, "rmse": 5.896955443005541, "mae": 1.30077612256799, "r_squ": 0.31211819244178596}