{"mse": 304.6509967229796, "rmse": 17.45425440180644, "mae": 7.091358736217455, "r_squ": 0.616241047989327}