{"mse": 96.95000675163065, "rmse": 9.846319452040476, "mae": 3.4060654897594937, "r_squ": 0.6043585902989053}