{"mse": 285.01409743019525, "rmse": 16.882360540818787, "mae": 6.877755301594032, "r_squ": 0.641268922169391}