{"mse": 32.65867109234028, "rmse": 5.714776556641588, "mae": 1.2542299740232197, "r_squ": 0.3479656721753952}