{"mse": 104.94847608666241, "rmse": 10.244436347923804, "mae": 3.558759753914818, "r_squ": 0.5715239146949801}